referer,response,status
https://dev.to/,https://github.com/galnir/Master-Bot/tree/main/commands/music,404
https://dev.to/,https://www.buymeacoffee.com/codingdev,404
https://dev.to/,https://github.com/GorvGoyl/Personal-Site-Gourav.io/blob/main/content/blog/nextjs-cheatsheet/index.md,404
https://dev.to/,https://www.youtube.com/c/JuliaFMorgadoES,404
https://dev.to/,https://github.com/expressjs/express/issues/5455,404
https://dev.to/,https://www.kaggle.com/abcsds/pokemon,404
https://dev.to/hackman78/functional-programming-vs-object-oriented-programming-a-beginners-perspective-6lg,https://dev.to/crockettrockett4/perspect-a-dev-tool-focused-on-flow-states-421o,404
https://dev.to/,https://livecoding.ca/schedule?segmentID=1d4ac232-0503-4c0b-8db6-745582ad63b0,404
https://dev.to/,https://slack.engineering/typescript-at-slack-a81307fa288d,404
https://dev.to/,https://assetstore.unity.com/mega-bundles/lunar-new-year-2024?aid=1011l8NVc,404
https://dev.to/,https://github.com/YourOrganization/goctopus,404
https://dev.to/,https://github.com/features/copilot/signup,404
https://dev.to/,https://unsplash.com/photos/0ECDm8h-4Hg,404
https://dev.to/,https://docs.wasmer.io/ecosystem/wasmer,404
https://dev.to/,https://restya.com/board,404
https://dev.to/,https://www.buymeacoffee.com/mrdanishsaleem/top-cheat-sheets-for-web-developer,404
https://dev.to/,https://www.buymeacoffee.com/mrdanishsaleem/30-projects-ideas,404
https://dev.to/,https://github.com/spacedriveapp/spacedrive/issues?q=is%3Aissue+is%3Aopen+sort%3Aupdated-desc+label%3AFeature,404
referer,response,status
https://dominionuniversity.edu.ng/,https://puskesmas-gemolong.sragenkab.go.id/img/asti-gacor/,404
https://dominionuniversity.edu.ng/,https://puskesmas-masaran2.sragenkab.go.id/img/sdspulsa/,404
https://dominionuniversity.edu.ng/,https://puskesmas-sukodono.sragenkab.go.id/download/scsno/,404
https://dominionuniversity.edu.ng/,https://puskesmas-mondokan.sragenkab.go.id/img/sg10k/,404
https://dominionuniversity.edu.ng/,https://puskesmas-tanon2.sragenkab.go.id/download/zeus/,404
https://dominionuniversity.edu.ng/,https://puskesmas-gondang.sragenkab.go.id/galeri/joker123/,404
https://dominionuniversity.edu.ng/,https://puskesmas-gondang.sragenkab.go.id/download/sgidn/,404
https://dominionuniversity.edu.ng/,https://puskesmas-jenar.sragenkab.go.id/img/sg4d/,404
https://dominionuniversity.edu.ng/,https://puskesmas-sambungmacan2.sragenkab.go.id/galeri/garansi/,404
https://dominionuniversity.edu.ng/,https://puskesmas-plupuh2.sragenkab.go.id/download/s88/,404
,http://simpeg.madiunkab.go.id/simpeg/filebox/satya/nolimit/,404
,http://simpeg.madiunkab.go.id/simpeg/filebox/satya/joker123/,404
,http://sekolah.disdik.riau.go.id/css/sgthai/,404
,http://sekolah.disdik.riau.go.id/css/zgacor/,404
https://dominionuniversity.edu.ng/,https://serang.ut.ac.id/sgthai/,404
https://dominionuniversity.edu.ng/,https://serang.ut.ac.id/sg88/,404
https://dominionuniversity.edu.ng/,https://serang.ut.ac.id/sgdana/,404
